{"NEW SOUTH WALES": [0.1055927609662575,0.7274202271498107,0.2725797728501893],"VICTORIA": [0.09219008532428595,0.7572316263124063,0.24276837368759374],"QUEENSLAND": [0.09455559312865952,0.66796875,0.33203125],"SOUTH AUSTRALIA": [0.08285836902278111,0.7824324324324324,0.21756756756756757],"TASMANIA": [0.14237720461306774,0.7890625,0.2109375],"WESTERN AUSTRALIA": [0.09928303527332566,0.70772238514174,0.29227761485826004],"AUSTRALIA CAPITAL TERRITORY": [0.16087508915095122,0.7647058823529411,0.23529411764705882],"NORTHERN TERRITORY": [0.08327864755301197,0.7338709677419355,0.2661290322580645]}