{"New South Wales": 420.881629, "Victoria": 418.168477, "Queensland": 426.173468,"South Australia": 432.261343, "Western Australia": 409.773124,"Tasmania": 433.760099, "Northern Territory": 437.053337}